Underlying,Call TSL,Put TSL,Total Return,2021 Return,2022 Return,2023 Return,2024 Return,Max Drawdown %,Max Profit %,Consecutive Drawdown in Number,Consecutive Profit in Number,Consecutive Drawdown in %,Consecutive Profit iin %,Win Avg,Loss Avg,Total Avg,Win Count,Loss Count,No of Positive Months,No of Negative Months
NIFTY,100,100,126.93,35.65,36.48,17.56,37.24,-3.52,6.19,6,7,-9.03,13.82,1.73,-1.1,0.64,122,77,35,11
NIFTY,100,110,125.45,36.34,33.08,22.59,33.45,-3.52,6.11,5,7,-6.24,13.14,1.77,-1.06,0.63,119,80,36,10
NIFTY,100,120,121.24,33.7,32.65,19.53,35.36,-3.52,6.05,5,7,-6.78,15.53,1.81,-1.1,0.61,117,82,36,10
NIFTY,100,130,120.31,34.23,31.17,20.73,34.18,-3.52,6.02,5,5,-6.83,16.0,1.8,-1.13,0.6,118,81,37,9
NIFTY,100,140,124.73,35.59,28.57,22.9,37.67,-3.52,5.92,4,5,-7.64,15.88,1.86,-1.13,0.63,117,82,36,10
NIFTY,100,150,116.67,31.76,27.06,22.52,35.33,-3.52,5.88,5,5,-8.07,15.73,1.9,-1.14,0.59,113,86,37,9
NIFTY,100,160,111.33,31.01,24.6,20.63,35.09,-3.52,5.79,6,5,-9.73,15.5,1.95,-1.16,0.56,110,89,37,9
NIFTY,100,170,103.23,30.55,22.92,18.31,31.43,-4.08,5.77,6,5,-10.78,15.15,2.03,-1.2,0.52,106,93,36,10
NIFTY,100,180,105.51,31.4,28.12,15.31,30.68,-4.08,5.68,6,5,-11.06,14.68,2.06,-1.29,0.53,108,91,36,10
NIFTY,100,190,112.62,30.91,33.46,16.82,31.43,-4.13,5.68,6,5,-9.49,14.51,2.08,-1.31,0.57,110,89,37,9
NIFTY,100,200,113.41,30.82,37.76,14.73,30.1,-4.65,5.62,6,5,-9.8,14.26,2.14,-1.37,0.57,110,89,36,10
NIFTY,100,210,109.39,29.04,35.19,16.03,29.14,-4.65,5.52,6,5,-10.7,14.26,2.17,-1.42,0.55,109,90,35,11
NIFTY,100,220,100.72,26.87,33.61,13.38,26.86,-5.19,5.52,6,5,-11.1,14.26,2.14,-1.51,0.51,110,89,35,11
NIFTY,100,230,102.06,27.95,34.22,15.41,24.47,-5.28,5.52,6,5,-11.8,15.71,2.21,-1.54,0.51,109,90,34,12
NIFTY,100,240,101.79,26.35,35.12,17.73,22.59,-5.28,5.52,3,5,-11.59,15.66,2.26,-1.61,0.51,109,90,34,12
NIFTY,100,250,115.78,23.97,33.95,22.96,34.9,-5.1,5.68,3,9,-11.76,21.84,2.27,-1.64,0.58,113,86,34,12
NIFTY,100,50,122.42,25.73,39.01,21.85,35.83,-3.52,6.47,5,8,-6.11,13.74,1.7,-1.14,0.62,123,76,37,9
NIFTY,100,60,131.13,28.45,38.09,22.97,41.63,-3.52,6.46,5,10,-6.39,15.04,1.69,-1.12,0.66,126,73,38,8
NIFTY,100,70,134.98,29.08,40.6,22.05,43.25,-3.52,6.36,5,10,-6.99,14.98,1.7,-1.09,0.68,126,73,37,9
NIFTY,100,80,135.93,31.24,39.23,23.12,42.35,-3.52,6.32,5,11,-7.36,14.2,1.68,-1.07,0.68,127,72,35,11
NIFTY,100,90,130.88,32.61,36.26,20.56,41.46,-3.52,6.21,5,7,-7.75,13.12,1.73,-1.05,0.66,122,77,36,10
NIFTY,110,100,137.88,35.06,39.66,22.82,40.34,-3.52,6.19,5,11,-6.76,13.63,1.85,-1.21,0.69,124,75,36,10
NIFTY,110,110,136.4,35.74,36.26,27.85,36.56,-3.52,6.11,5,11,-8.26,17.43,1.87,-1.16,0.69,121,78,36,10
NIFTY,110,120,132.18,33.1,35.83,24.79,38.46,-3.52,6.05,5,11,-8.28,16.47,1.93,-1.18,0.66,118,81,36,10
NIFTY,110,130,131.26,33.63,34.35,25.99,37.28,-3.52,6.02,5,9,-6.85,15.81,1.89,-1.21,0.66,120,79,37,9
NIFTY,110,140,135.67,35.0,31.75,28.16,40.77,-3.52,5.92,5,9,-7.01,15.7,1.95,-1.2,0.68,119,80,37,9
NIFTY,110,150,127.62,31.17,30.24,27.78,38.43,-3.52,5.88,5,9,-7.29,15.54,1.94,-1.25,0.64,118,81,39,7
NIFTY,110,160,122.27,30.41,27.78,25.89,38.19,-3.52,5.79,5,6,-8.14,15.32,2.01,-1.22,0.61,113,86,36,10
NIFTY,110,170,114.17,29.96,26.1,23.57,34.53,-4.08,5.77,5,5,-8.9,14.96,2.08,-1.26,0.57,109,90,36,10
NIFTY,110,180,116.46,30.8,31.3,20.57,33.78,-4.08,5.68,5,5,-9.62,14.5,2.15,-1.31,0.59,109,90,36,10
NIFTY,110,190,123.57,30.31,36.65,22.08,34.53,-4.13,6.53,5,5,-8.06,14.33,2.19,-1.32,0.62,110,89,36,10
NIFTY,110,200,124.35,30.22,40.94,19.99,33.2,-4.65,6.53,4,5,-8.4,14.2,2.22,-1.39,0.62,111,88,37,9
NIFTY,110,210,120.34,28.44,38.38,21.28,32.24,-4.65,6.46,4,5,-9.14,14.19,2.23,-1.45,0.6,111,88,36,10
NIFTY,110,220,111.66,26.27,36.79,18.64,29.96,-5.19,6.46,4,5,-9.47,14.19,2.23,-1.51,0.56,110,89,36,10
NIFTY,110,230,113.01,27.36,37.4,20.67,27.58,-5.28,6.46,4,6,-9.68,15.65,2.24,-1.59,0.57,112,87,35,11
NIFTY,110,240,112.73,25.76,38.3,22.99,25.69,-5.28,6.46,3,6,-9.99,15.6,2.29,-1.65,0.57,112,87,34,12
NIFTY,110,250,126.72,23.37,37.13,28.22,38.01,-5.15,6.46,3,9,-10.15,21.77,2.3,-1.69,0.64,116,83,34,12
NIFTY,110,50,133.37,25.13,42.19,27.11,38.94,-3.52,6.47,5,8,-5.39,14.86,1.91,-1.21,0.67,120,79,36,10
NIFTY,110,60,142.08,27.85,41.27,28.23,44.73,-3.52,6.46,4,8,-5.51,14.45,1.87,-1.2,0.71,124,75,38,8
NIFTY,110,70,145.93,28.49,43.78,27.31,46.35,-3.52,6.36,4,10,-5.74,18.65,1.84,-1.21,0.73,127,72,38,8
NIFTY,110,80,146.87,30.64,42.41,28.38,45.45,-3.52,6.32,4,11,-5.95,14.5,1.79,-1.21,0.74,129,70,37,9
NIFTY,110,90,141.83,32.01,39.44,25.82,44.56,-3.52,6.21,5,11,-6.43,13.42,1.85,-1.17,0.71,124,75,38,8
NIFTY,120,100,132.85,31.18,40.39,22.23,39.05,-3.52,6.19,6,11,-8.2,17.92,1.96,-1.3,0.67,120,79,35,11
NIFTY,120,110,131.37,31.86,36.99,27.26,35.26,-3.52,6.11,5,11,-8.52,19.33,1.94,-1.28,0.66,120,79,36,10
NIFTY,120,120,127.16,29.22,36.56,24.21,37.16,-3.52,6.05,5,9,-8.63,18.37,2.01,-1.28,0.64,116,83,36,10
NIFTY,120,130,126.23,29.76,35.08,25.41,35.99,-3.52,6.02,5,9,-8.29,17.39,1.97,-1.31,0.63,118,81,35,11
NIFTY,120,140,130.65,31.12,32.48,27.57,39.48,-3.52,5.92,5,9,-7.97,16.84,2.07,-1.28,0.66,115,84,36,10
NIFTY,120,150,122.59,27.29,30.97,27.2,37.13,-3.52,5.88,5,9,-8.26,16.1,2.04,-1.33,0.62,115,84,35,11
NIFTY,120,160,117.25,26.54,28.52,25.31,36.89,-3.52,5.79,5,6,-9.24,15.69,2.13,-1.28,0.59,109,90,35,11
NIFTY,120,170,109.14,26.08,26.84,22.99,33.24,-3.98,5.77,5,5,-10.1,17.75,2.17,-1.34,0.55,107,92,35,11
NIFTY,120,180,111.43,26.93,32.03,19.99,32.49,-3.98,5.68,5,5,-10.9,18.86,2.21,-1.4,0.56,108,91,36,10
NIFTY,120,190,118.54,26.43,37.38,21.5,33.23,-4.07,6.53,5,5,-8.06,18.77,2.2,-1.43,0.6,111,88,36,10
NIFTY,120,200,119.33,26.35,41.67,19.41,31.9,-4.37,6.53,7,5,-8.56,21.23,2.25,-1.48,0.6,111,88,36,10
NIFTY,120,210,115.31,24.56,39.11,20.7,30.94,-4.58,6.46,7,5,-10.8,21.11,2.3,-1.5,0.58,109,90,35,11
NIFTY,120,220,106.64,22.4,37.52,18.06,28.67,-4.91,6.46,7,5,-9.47,21.13,2.28,-1.57,0.54,109,90,34,12
NIFTY,120,230,107.98,23.48,38.13,20.09,26.28,-5.0,6.46,7,6,-10.98,22.03,2.32,-1.61,0.54,109,90,34,12
NIFTY,120,240,107.71,21.88,39.03,22.4,24.4,-5.03,6.46,7,6,-10.69,22.42,2.37,-1.67,0.54,109,90,34,12
NIFTY,120,250,121.7,19.5,37.86,27.64,36.71,-5.15,6.46,7,9,-11.3,22.78,2.42,-1.67,0.61,111,88,34,12
NIFTY,120,50,128.34,21.26,42.92,26.53,37.64,-3.52,6.47,5,8,-6.77,18.69,2.08,-1.28,0.64,114,85,35,11
NIFTY,120,60,137.05,23.98,42.0,27.64,43.43,-3.52,6.46,4,8,-6.9,18.38,2.01,-1.28,0.69,119,80,37,9
NIFTY,120,70,140.9,24.61,44.51,26.73,45.06,-3.52,6.36,4,8,-7.13,17.37,1.98,-1.27,0.71,121,78,37,9
NIFTY,120,80,141.85,26.76,43.14,27.79,44.15,-3.52,6.32,5,11,-7.34,17.96,1.97,-1.23,0.71,121,78,36,10
NIFTY,120,90,136.8,28.13,40.17,25.24,43.26,-3.52,6.21,5,11,-7.87,17.73,1.96,-1.25,0.69,120,79,37,9
NIFTY,130,100,134.79,34.3,43.43,23.03,34.03,-4.26,6.19,6,8,-6.73,17.84,2.06,-1.34,0.68,118,81,34,12
NIFTY,130,110,133.31,34.98,40.03,28.06,30.24,-4.28,6.11,5,9,-10.34,20.72,2.07,-1.29,0.67,116,83,36,10
NIFTY,130,120,129.09,32.34,39.61,25.0,32.15,-4.27,6.05,5,9,-10.36,19.76,2.07,-1.34,0.65,116,83,35,11
NIFTY,130,130,128.17,32.87,38.12,26.21,30.97,-4.34,6.02,5,9,-7.53,18.78,2.07,-1.35,0.64,116,83,36,10
NIFTY,130,140,132.58,34.23,35.52,28.37,34.46,-4.34,5.92,6,9,-7.99,18.24,2.12,-1.36,0.67,116,83,34,12
NIFTY,130,150,124.53,30.41,34.01,27.99,32.11,-4.35,5.88,5,9,-8.28,17.44,2.07,-1.43,0.63,117,82,34,12
NIFTY,130,160,119.18,29.65,31.56,26.1,31.87,-4.47,5.79,5,5,-9.27,15.61,2.18,-1.35,0.6,110,89,35,11
NIFTY,130,170,111.08,29.2,29.88,23.79,28.22,-4.47,5.77,5,5,-10.12,17.67,2.21,-1.41,0.56,108,91,34,12
NIFTY,130,180,113.37,30.04,35.08,20.78,27.47,-4.47,5.86,5,5,-10.92,18.78,2.24,-1.49,0.57,110,89,33,13
NIFTY,130,190,120.48,29.55,40.42,22.3,28.21,-4.62,6.52,5,5,-8.08,18.69,2.24,-1.5,0.61,112,87,34,12
NIFTY,130,200,121.26,29.46,44.72,20.2,26.88,-4.63,6.51,5,5,-8.42,21.15,2.29,-1.55,0.61,112,87,35,11
NIFTY,130,210,117.25,27.68,42.15,21.5,25.92,-4.62,6.44,5,5,-10.83,21.04,2.33,-1.57,0.59,110,89,35,11
NIFTY,130,220,108.57,25.51,40.56,18.85,23.65,-4.91,6.44,5,5,-9.49,21.05,2.31,-1.63,0.55,110,89,34,12
NIFTY,130,230,109.92,26.59,41.17,20.89,21.26,-5.0,6.44,6,6,-11.24,21.95,2.4,-1.64,0.55,108,91,34,12
NIFTY,130,240,109.64,24.99,42.07,23.2,19.38,-5.06,6.44,6,6,-10.95,22.34,2.44,-1.7,0.55,108,91,34,12
NIFTY,130,250,123.63,22.61,40.9,28.43,31.69,-5.18,6.44,6,8,-11.56,22.7,2.47,-1.71,0.62,111,88,34,12
NIFTY,130,50,130.28,24.37,45.96,27.33,32.62,-4.15,6.47,5,8,-6.96,19.27,2.17,-1.38,0.65,114,85,35,11
NIFTY,130,60,138.99,27.09,45.04,28.44,38.41,-4.14,6.46,5,8,-6.27,18.96,2.11,-1.35,0.7,118,81,35,11
NIFTY,130,70,142.84,27.73,47.55,27.53,40.04,-4.18,6.36,4,8,-6.32,17.95,2.07,-1.34,0.72,120,79,33,13
NIFTY,130,80,143.78,29.88,46.18,28.59,39.13,-4.25,6.32,5,11,-6.41,18.54,2.05,-1.29,0.72,120,79,34,12
NIFTY,130,90,138.74,31.25,43.21,26.03,38.24,-4.26,6.21,5,8,-6.46,17.65,2.07,-1.3,0.7,118,81,34,12
NIFTY,140,100,142.69,34.46,48.82,25.84,33.57,-4.08,6.19,6,8,-10.39,18.35,2.08,-1.35,0.72,120,79,34,12
NIFTY,140,110,141.21,35.15,45.42,30.87,29.78,-4.09,6.11,5,9,-10.63,20.38,2.11,-1.29,0.71,117,82,34,12
NIFTY,140,120,136.99,32.5,45.0,27.81,31.68,-4.09,6.05,5,9,-10.66,19.42,2.15,-1.31,0.69,115,84,35,11
NIFTY,140,130,136.07,33.04,43.51,29.01,30.51,-4.16,6.02,5,9,-6.79,18.44,2.12,-1.36,0.68,117,82,36,10
NIFTY,140,140,140.48,34.4,40.91,31.18,34.0,-4.16,5.92,6,9,-7.61,17.9,2.18,-1.35,0.71,116,83,36,10
NIFTY,140,150,132.43,30.57,39.4,30.8,31.65,-4.17,5.88,5,9,-7.9,17.1,2.15,-1.4,0.67,116,83,34,12
NIFTY,140,160,127.08,29.82,36.95,28.91,31.41,-4.28,5.79,5,5,-8.89,16.12,2.24,-1.35,0.64,110,89,35,11
NIFTY,140,170,118.98,29.36,35.27,26.59,27.76,-4.28,5.88,5,5,-9.74,18.17,2.28,-1.4,0.6,108,91,36,10
NIFTY,140,180,121.27,30.21,40.47,23.59,27.0,-4.28,5.97,5,8,-10.54,19.28,2.28,-1.5,0.61,111,88,36,10
NIFTY,140,190,128.38,29.71,45.81,25.1,27.75,-4.43,6.52,5,8,-7.51,19.19,2.28,-1.5,0.65,113,86,36,10
NIFTY,140,200,129.16,29.63,50.11,23.01,26.42,-4.44,6.51,5,8,-7.85,21.65,2.33,-1.56,0.65,113,86,35,11
NIFTY,140,210,125.15,27.84,47.54,24.31,25.46,-4.66,6.44,6,8,-10.81,21.54,2.38,-1.58,0.63,111,88,36,10
NIFTY,140,220,116.47,25.68,45.95,21.66,23.19,-4.87,6.44,6,5,-11.21,21.56,2.35,-1.65,0.59,111,88,36,10
NIFTY,140,230,117.82,26.76,46.56,23.69,20.8,-5.08,6.44,6,6,-11.91,22.45,2.42,-1.66,0.59,110,89,36,10
NIFTY,140,240,117.54,25.16,47.46,26.01,18.92,-5.23,6.44,6,6,-11.62,22.84,2.46,-1.73,0.59,110,89,35,11
NIFTY,140,250,131.53,22.78,46.29,31.24,31.23,-5.35,6.44,6,8,-12.23,23.2,2.5,-1.71,0.66,112,87,35,11
NIFTY,140,50,138.18,24.54,51.35,30.13,32.16,-3.97,6.47,4,8,-6.33,19.77,2.17,-1.41,0.69,117,82,33,13
NIFTY,140,60,146.89,27.26,50.43,31.25,37.95,-3.95,6.46,5,10,-6.34,19.46,2.07,-1.42,0.74,123,76,33,13
NIFTY,140,70,150.74,27.89,52.94,30.33,39.57,-4.0,6.36,4,10,-9.96,18.45,2.06,-1.4,0.76,124,75,33,13
NIFTY,140,80,151.68,30.04,51.57,31.4,38.67,-4.06,6.32,4,9,-10.06,19.04,2.04,-1.35,0.76,124,75,33,13
NIFTY,140,90,146.64,31.41,48.6,28.84,37.78,-4.07,6.21,4,8,-10.18,18.15,2.05,-1.34,0.74,122,77,34,12
NIFTY,150,100,135.7,32.89,46.54,25.68,30.59,-4.63,6.19,5,8,-10.96,17.89,2.12,-1.41,0.68,118,81,33,13
NIFTY,150,110,134.22,33.58,43.13,30.71,26.8,-4.65,6.11,5,9,-11.2,19.92,2.12,-1.38,0.67,117,82,33,13
NIFTY,150,120,130.0,30.93,42.71,27.65,28.71,-4.64,6.05,5,9,-11.23,18.96,2.16,-1.41,0.65,115,84,34,12
NIFTY,150,130,129.08,31.47,41.22,28.86,27.53,-4.71,6.02,5,9,-7.35,17.98,2.12,-1.45,0.65,117,82,35,11
NIFTY,150,140,133.49,32.83,38.63,31.02,31.02,-4.71,5.92,5,9,-7.43,17.44,2.14,-1.47,0.67,118,81,35,11
NIFTY,150,150,125.44,29.0,37.12,30.64,28.67,-4.72,5.88,4,9,-7.54,16.64,2.13,-1.51,0.63,117,82,34,12
NIFTY,150,160,120.09,28.25,34.66,28.75,28.43,-4.84,5.79,4,5,-8.39,15.66,2.23,-1.45,0.6,111,88,35,11
NIFTY,150,170,111.99,27.79,32.98,26.44,24.78,-4.84,5.88,4,5,-9.18,17.72,2.27,-1.5,0.56,109,90,35,11
NIFTY,150,180,114.28,28.64,38.18,23.43,24.03,-4.84,5.97,4,8,-9.87,18.83,2.26,-1.6,0.57,112,87,34,12
NIFTY,150,190,121.39,28.14,43.52,24.94,24.78,-4.99,6.52,5,8,-8.02,18.74,2.26,-1.6,0.61,114,85,35,11
NIFTY,150,200,122.17,28.06,47.82,22.85,23.44,-4.99,6.51,5,8,-8.06,21.2,2.33,-1.64,0.61,113,86,35,11
NIFTY,150,210,118.16,26.28,45.25,24.15,22.48,-4.98,6.44,6,8,-11.09,21.08,2.35,-1.67,0.59,112,87,35,11
NIFTY,150,220,109.48,24.11,43.67,21.5,20.21,-4.99,6.44,6,5,-11.5,21.1,2.35,-1.72,0.55,111,88,35,11
NIFTY,150,230,110.83,25.19,44.28,23.54,17.82,-5.16,6.44,6,6,-12.2,22.0,2.41,-1.73,0.56,110,89,35,11
NIFTY,150,240,110.55,23.59,45.17,25.85,15.94,-5.31,6.44,6,6,-11.91,22.39,2.48,-1.77,0.56,109,90,35,11
NIFTY,150,250,124.54,21.21,44.0,31.08,28.25,-5.43,6.44,6,8,-12.51,22.75,2.46,-1.79,0.63,113,86,35,11
NIFTY,150,50,131.19,22.97,49.06,29.97,29.18,-4.52,6.47,4,8,-6.89,16.5,2.2,-1.5,0.66,116,83,31,15
NIFTY,150,60,139.9,25.69,48.14,31.09,34.98,-4.5,6.46,4,10,-6.89,19.01,2.08,-1.53,0.7,123,76,31,15
NIFTY,150,70,143.75,26.32,50.65,30.18,36.6,-4.55,6.36,4,10,-10.53,18.03,2.07,-1.51,0.72,124,75,33,13
NIFTY,150,80,144.69,28.47,49.29,31.24,35.69,-4.62,6.32,5,9,-10.63,18.59,2.04,-1.45,0.73,124,75,34,12
NIFTY,150,90,139.65,29.84,46.32,28.68,34.81,-4.62,6.21,5,8,-10.75,17.7,2.09,-1.4,0.7,120,79,35,11
NIFTY,160,100,146.28,34.54,47.12,27.01,37.62,-4.37,6.19,5,8,-7.7,17.94,2.2,-1.44,0.74,119,80,33,13
NIFTY,160,110,144.81,35.22,43.71,32.04,33.83,-4.38,6.11,5,9,-7.72,20.78,2.2,-1.41,0.73,118,81,34,12
NIFTY,160,120,140.59,32.58,43.29,28.98,35.74,-4.38,6.05,5,9,-7.75,19.83,2.24,-1.43,0.71,116,83,34,12
NIFTY,160,130,139.66,33.11,41.81,30.19,34.56,-4.38,6.02,5,9,-7.43,18.84,2.22,-1.46,0.7,117,82,35,11
NIFTY,160,140,144.08,34.47,39.21,32.35,38.05,-4.38,6.36,5,9,-6.83,18.3,2.2,-1.52,0.72,120,79,35,11
NIFTY,160,150,136.02,30.65,37.7,31.97,35.7,-4.38,6.48,4,9,-7.03,17.5,2.23,-1.52,0.68,117,82,35,11
NIFTY,160,160,130.68,29.89,35.24,30.08,35.46,-4.37,6.54,6,5,-10.39,15.71,2.29,-1.49,0.66,113,86,37,9
NIFTY,160,170,122.58,29.44,33.56,27.77,31.81,-4.37,6.88,6,5,-11.44,17.77,2.35,-1.53,0.62,110,89,35,11
NIFTY,160,180,124.87,30.28,38.76,24.76,31.06,-4.37,6.97,6,8,-11.72,18.88,2.36,-1.6,0.63,112,87,37,9
NIFTY,160,190,131.97,29.79,44.1,26.28,31.81,-4.37,6.97,6,8,-10.15,18.79,2.36,-1.61,0.66,114,85,37,9
NIFTY,160,200,132.76,29.7,48.4,24.18,30.47,-4.47,6.97,6,8,-10.46,21.25,2.43,-1.64,0.67,113,86,37,9
NIFTY,160,210,128.75,27.92,45.83,25.48,29.51,-4.73,6.97,6,8,-11.35,21.13,2.43,-1.69,0.65,113,86,38,8
NIFTY,160,220,120.07,25.75,44.25,22.83,27.24,-4.95,6.97,6,5,-11.76,21.15,2.43,-1.75,0.6,112,87,37,9
NIFTY,160,230,121.41,26.83,44.86,24.87,24.85,-5.16,6.97,6,5,-12.46,22.05,2.54,-1.72,0.61,109,90,35,11
NIFTY,160,240,121.14,25.23,45.76,27.18,22.97,-5.31,6.97,6,5,-12.17,22.44,2.58,-1.78,0.61,109,90,36,10
NIFTY,160,250,135.13,22.85,44.59,32.41,35.28,-5.43,6.97,6,8,-12.77,22.8,2.54,-1.81,0.68,114,85,36,10
NIFTY,160,50,141.78,24.61,49.65,31.31,36.21,-4.36,6.47,5,10,-7.98,19.17,2.31,-1.52,0.71,116,83,34,12
NIFTY,160,60,150.49,27.33,48.72,32.42,42.01,-4.35,6.46,4,10,-7.1,20.76,2.2,-1.53,0.76,122,77,33,13
NIFTY,160,70,154.34,27.97,51.23,31.51,43.63,-4.36,6.36,5,10,-7.33,20.69,2.18,-1.5,0.78,123,76,33,13
NIFTY,160,80,155.28,30.12,49.87,32.57,42.72,-4.36,6.32,5,8,-7.48,18.63,2.16,-1.45,0.78,123,76,32,14
NIFTY,160,90,150.23,31.49,46.9,30.01,41.83,-4.37,6.21,5,8,-7.62,17.75,2.17,-1.44,0.75,121,78,33,13
NIFTY,170,100,156.01,34.93,50.43,31.18,39.47,-4.62,6.19,5,8,-8.56,28.04,2.24,-1.52,0.78,122,77,33,13
NIFTY,170,110,154.53,35.62,47.03,36.21,35.68,-4.63,6.11,5,9,-8.13,26.95,2.24,-1.49,0.78,121,78,34,12
NIFTY,170,120,150.32,32.97,46.6,33.15,37.59,-4.63,6.05,5,9,-8.29,25.84,2.26,-1.52,0.76,120,79,35,11
NIFTY,170,130,149.39,33.51,45.12,34.36,36.41,-4.63,6.04,5,9,-8.29,25.48,2.27,-1.51,0.75,119,80,35,11
NIFTY,170,140,153.81,34.87,42.52,36.52,39.9,-4.63,6.93,5,9,-7.69,24.24,2.26,-1.58,0.77,122,77,35,11
NIFTY,170,150,145.75,31.04,41.01,36.14,37.55,-4.63,7.05,4,9,-7.2,23.72,2.3,-1.55,0.73,118,81,36,10
NIFTY,170,160,140.41,30.29,38.56,34.25,37.31,-4.62,7.1,6,8,-11.12,23.01,2.36,-1.52,0.71,114,85,36,10
NIFTY,170,170,132.3,29.83,36.88,31.94,33.66,-4.62,7.45,6,8,-12.17,24.44,2.45,-1.54,0.66,110,89,36,10
NIFTY,170,180,134.59,30.68,42.07,28.93,32.91,-4.62,7.54,6,8,-12.45,28.93,2.43,-1.63,0.68,113,86,37,9
NIFTY,170,190,141.7,30.18,47.42,30.44,33.65,-4.62,7.54,6,8,-10.88,30.92,2.43,-1.64,0.71,115,84,37,9
NIFTY,170,200,142.49,30.1,51.71,28.35,32.32,-4.62,7.54,6,8,-11.19,33.24,2.49,-1.67,0.72,114,85,36,10
NIFTY,170,210,138.47,28.32,49.15,29.65,31.36,-4.73,7.54,6,8,-12.09,33.02,2.51,-1.74,0.7,114,85,36,10
NIFTY,170,220,129.8,26.15,47.56,27.0,29.09,-5.1,7.54,6,8,-12.49,32.79,2.51,-1.79,0.65,113,86,35,11
NIFTY,170,230,131.14,27.23,48.17,29.04,26.7,-5.19,7.54,6,8,-13.19,33.42,2.59,-1.78,0.66,111,88,36,10
NIFTY,170,240,130.87,25.63,49.07,31.35,24.82,-5.31,7.54,6,8,-12.9,33.61,2.64,-1.84,0.66,111,88,35,11
NIFTY,170,250,144.86,23.25,47.9,36.58,37.13,-5.43,7.54,6,8,-13.5,33.97,2.59,-1.88,0.73,116,83,36,10
NIFTY,170,50,151.5,25.01,52.96,35.47,38.06,-4.86,6.47,4,10,-7.89,19.66,2.33,-1.67,0.76,121,78,34,12
NIFTY,170,60,160.21,27.73,52.04,36.59,43.85,-4.86,6.46,4,10,-7.96,30.64,2.25,-1.63,0.81,125,74,34,12
NIFTY,170,70,164.06,28.36,54.55,35.68,45.48,-4.61,6.36,5,10,-8.19,29.2,2.19,-1.64,0.82,128,71,33,13
NIFTY,170,80,165.01,30.51,53.18,36.74,44.57,-4.61,6.32,5,10,-8.34,29.47,2.2,-1.53,0.83,126,73,32,14
NIFTY,170,90,159.96,31.88,50.21,34.18,43.68,-4.62,6.21,5,8,-8.49,27.94,2.21,-1.52,0.8,124,75,33,13
NIFTY,180,100,156.94,36.2,50.16,29.24,41.34,-4.84,6.26,5,8,-9.11,27.81,2.32,-1.58,0.79,121,78,33,13
NIFTY,180,110,155.47,36.89,46.76,34.27,37.55,-4.86,6.24,5,9,-8.78,26.72,2.33,-1.52,0.78,119,80,33,13
NIFTY,180,120,151.25,34.25,46.33,31.21,39.45,-4.86,6.31,5,9,-8.86,25.61,2.31,-1.59,0.76,120,79,34,12
NIFTY,180,130,150.32,34.78,44.85,32.42,38.28,-4.86,6.33,5,9,-8.84,25.25,2.31,-1.6,0.76,120,79,34,12
NIFTY,180,140,154.74,36.14,42.25,34.58,41.77,-4.86,7.22,5,9,-8.25,24.01,2.32,-1.62,0.78,121,78,35,11
NIFTY,180,150,146.68,32.32,40.74,34.2,39.42,-4.86,7.34,4,9,-7.85,23.49,2.31,-1.65,0.74,120,79,36,10
NIFTY,180,160,141.34,31.56,38.29,32.31,39.18,-4.84,7.4,6,8,-11.26,22.78,2.36,-1.6,0.71,116,83,36,10
NIFTY,180,170,133.24,31.11,36.61,30.0,35.53,-4.84,7.74,6,8,-12.31,24.21,2.42,-1.63,0.67,113,86,35,11
NIFTY,180,180,135.53,31.95,41.8,26.99,34.77,-4.84,7.83,6,8,-12.59,28.7,2.47,-1.67,0.68,113,86,35,11
NIFTY,180,190,142.63,31.46,47.15,28.51,35.52,-4.84,7.83,6,8,-11.02,30.69,2.43,-1.73,0.72,117,82,35,11
NIFTY,180,200,143.42,31.37,51.44,26.41,34.19,-4.84,7.83,6,8,-11.33,33.01,2.55,-1.73,0.72,114,85,35,11
NIFTY,180,210,139.41,29.59,48.88,27.71,33.23,-4.84,7.83,6,8,-12.23,32.79,2.56,-1.8,0.7,114,85,36,10
NIFTY,180,220,130.73,27.42,47.29,25.06,30.96,-5.03,7.83,6,8,-12.63,32.56,2.54,-1.87,0.66,114,85,34,12
NIFTY,180,230,132.07,28.5,47.9,27.1,28.57,-5.13,7.83,6,8,-13.33,33.19,2.62,-1.86,0.66,112,87,35,11
NIFTY,180,240,131.8,26.9,48.8,29.41,26.69,-5.28,7.83,6,8,-13.04,33.38,2.66,-1.91,0.66,112,87,35,11
NIFTY,180,250,145.79,24.52,47.63,34.64,39.0,-5.41,7.83,6,8,-13.65,33.74,2.66,-1.91,0.73,115,84,36,10
NIFTY,180,50,152.44,26.28,52.69,33.54,39.93,-4.97,6.47,5,10,-8.44,21.31,2.42,-1.75,0.77,120,79,34,12
NIFTY,180,60,161.15,29.0,51.77,34.65,45.72,-4.97,6.46,4,10,-8.51,30.41,2.3,-1.76,0.81,126,73,34,12
NIFTY,180,70,165.0,29.64,54.28,33.74,47.34,-4.83,6.36,5,10,-8.74,28.97,2.24,-1.77,0.83,129,70,32,14
NIFTY,180,80,165.94,31.79,52.91,34.8,46.44,-4.83,6.32,5,10,-8.89,29.25,2.24,-1.65,0.83,127,72,32,14
NIFTY,180,90,160.89,33.16,49.94,32.24,45.55,-4.84,6.27,5,8,-9.04,27.71,2.25,-1.63,0.81,125,74,33,13
NIFTY,190,100,167.56,40.28,49.93,33.38,43.97,-4.94,6.26,5,9,-9.89,27.63,2.29,-1.61,0.84,125,74,36,10
NIFTY,190,110,166.09,40.96,46.53,38.41,40.18,-4.93,6.24,5,9,-9.46,26.54,2.35,-1.52,0.83,121,78,37,9
NIFTY,190,120,161.87,38.32,46.1,35.36,42.09,-4.93,6.45,5,9,-9.61,25.42,2.31,-1.61,0.81,123,76,36,10
NIFTY,190,130,160.94,38.85,44.62,36.56,40.91,-4.93,6.47,5,9,-9.61,25.07,2.3,-1.61,0.81,123,76,36,10
NIFTY,190,140,165.36,40.21,42.02,38.72,44.4,-4.93,7.36,5,9,-9.02,23.83,2.32,-1.63,0.83,124,75,36,10
NIFTY,190,150,157.3,36.39,40.51,38.35,42.06,-4.93,7.48,4,9,-7.96,23.31,2.26,-1.69,0.79,125,74,37,9
NIFTY,190,160,151.96,35.63,38.06,36.45,41.82,-4.93,7.53,6,8,-11.7,22.6,2.29,-1.65,0.76,122,77,36,10
NIFTY,190,170,143.86,35.18,36.38,34.14,38.16,-4.93,7.87,6,8,-12.75,24.03,2.35,-1.65,0.72,118,81,38,8
NIFTY,190,180,146.15,36.02,41.57,31.14,37.41,-4.93,7.97,6,8,-13.03,28.52,2.42,-1.67,0.73,117,82,35,11
NIFTY,190,190,153.26,35.53,46.92,32.65,38.16,-4.93,7.97,6,8,-11.46,30.51,2.38,-1.73,0.77,121,78,34,12
NIFTY,190,200,154.04,35.44,51.21,30.56,36.83,-4.93,7.97,6,8,-11.77,32.83,2.5,-1.74,0.77,118,81,33,13
NIFTY,190,210,150.03,33.66,48.65,31.85,35.87,-4.93,7.97,6,8,-12.67,32.61,2.49,-1.83,0.75,119,80,34,12
NIFTY,190,220,141.35,31.49,47.06,29.21,33.59,-5.32,7.97,6,8,-13.07,32.38,2.47,-1.91,0.71,119,80,33,13
NIFTY,190,230,142.69,32.57,47.67,31.24,31.21,-5.41,7.97,6,8,-13.77,33.01,2.56,-1.86,0.72,116,83,34,12
NIFTY,190,240,142.42,30.97,48.57,33.55,29.32,-5.42,7.97,6,8,-13.48,33.2,2.65,-1.88,0.72,114,85,34,12
NIFTY,190,250,156.41,28.59,47.4,38.79,41.63,-5.53,7.97,6,8,-14.09,33.56,2.65,-1.87,0.79,117,82,35,11
NIFTY,190,50,163.06,30.35,52.46,37.68,42.56,-4.94,6.47,5,10,-9.22,21.13,2.38,-1.77,0.82,124,75,36,10
NIFTY,190,60,171.77,33.07,51.54,38.79,48.36,-4.95,6.46,4,10,-9.29,30.23,2.27,-1.79,0.86,130,69,35,11
NIFTY,190,70,175.62,33.71,54.05,37.88,49.98,-4.94,6.36,5,10,-9.52,28.78,2.24,-1.73,0.88,131,68,35,11
NIFTY,190,80,176.56,35.86,52.68,38.94,49.08,-4.94,6.32,5,10,-9.67,29.06,2.2,-1.7,0.89,132,67,36,10
NIFTY,190,90,171.51,37.23,49.71,36.38,48.19,-4.94,6.27,5,9,-9.81,27.53,2.23,-1.65,0.86,129,70,36,10
NIFTY,200,100,166.03,37.88,50.1,33.67,44.38,-5.1,6.26,5,9,-10.16,29.04,2.35,-1.62,0.83,123,76,36,10
NIFTY,200,110,164.56,38.56,46.7,38.7,40.6,-5.1,6.24,5,9,-9.73,27.94,2.35,-1.58,0.83,122,77,37,9
NIFTY,200,120,160.34,35.92,46.27,35.64,42.5,-5.1,6.45,5,9,-9.89,26.83,2.31,-1.68,0.81,124,75,36,10
NIFTY,200,130,159.41,36.46,44.79,36.85,41.32,-5.1,6.47,5,9,-9.89,26.48,2.3,-1.68,0.8,124,75,36,10
NIFTY,200,140,163.83,37.82,42.19,39.01,44.81,-5.1,7.36,5,9,-9.29,25.23,2.38,-1.64,0.82,122,77,36,10
NIFTY,200,150,155.77,33.99,40.68,38.63,42.47,-5.1,7.48,4,9,-8.44,24.71,2.34,-1.68,0.78,122,77,36,10
NIFTY,200,160,150.43,33.23,38.22,36.74,42.23,-5.1,7.53,6,8,-12.07,24.0,2.37,-1.64,0.76,119,80,36,10
NIFTY,200,170,142.33,32.78,36.54,34.43,38.57,-5.1,7.87,6,8,-13.12,25.43,2.41,-1.66,0.72,116,83,36,10
NIFTY,200,180,144.62,33.63,41.74,31.42,37.82,-5.1,7.97,6,8,-13.4,29.93,2.46,-1.7,0.73,116,83,35,11
NIFTY,200,190,151.73,33.13,47.09,32.93,38.57,-5.1,7.97,6,8,-11.83,31.92,2.4,-1.78,0.76,121,78,34,12
NIFTY,200,200,152.51,33.05,51.38,30.84,37.24,-5.1,7.97,6,8,-12.14,34.23,2.54,-1.77,0.77,117,82,34,12
NIFTY,200,210,148.5,31.26,48.82,32.14,36.28,-5.1,7.97,6,8,-13.04,34.02,2.53,-1.86,0.75,118,81,33,13
NIFTY,200,220,139.82,29.1,47.23,29.49,34.0,-5.55,7.97,6,8,-13.44,33.78,2.51,-1.93,0.7,118,81,32,14
NIFTY,200,230,141.16,30.18,47.84,31.53,31.62,-5.64,7.97,6,8,-14.14,34.41,2.63,-1.87,0.71,114,85,34,12
NIFTY,200,240,140.89,28.58,48.74,33.84,29.74,-5.64,7.97,6,8,-13.85,34.6,2.7,-1.91,0.71,113,86,34,12
NIFTY,200,250,154.88,26.2,47.57,39.07,42.05,-5.53,7.97,6,8,-14.45,34.96,2.69,-1.89,0.78,116,83,35,11
NIFTY,200,50,161.53,27.96,52.63,37.96,42.98,-5.11,6.47,5,9,-9.49,20.82,2.39,-1.8,0.81,124,75,35,11
NIFTY,200,60,170.24,30.68,51.71,39.08,48.77,-5.11,6.46,5,10,-9.56,31.64,2.29,-1.79,0.86,129,70,35,11
NIFTY,200,70,174.09,31.31,54.22,38.17,50.39,-5.11,6.36,5,10,-9.79,30.19,2.25,-1.77,0.87,131,68,36,10
NIFTY,200,80,175.03,33.46,52.85,39.23,49.49,-5.11,6.32,5,10,-9.94,30.47,2.21,-1.75,0.88,132,67,36,10
NIFTY,200,90,169.98,34.83,49.88,36.67,48.6,-5.1,6.27,5,9,-10.09,28.94,2.26,-1.68,0.85,128,71,36,10
NIFTY,210,100,171.47,37.35,51.6,36.31,46.2,-5.08,6.26,5,9,-9.26,28.88,2.4,-1.63,0.86,123,76,38,8
NIFTY,210,110,169.99,38.04,48.2,41.34,42.41,-5.08,6.24,5,9,-9.76,27.79,2.4,-1.59,0.85,122,77,38,8
NIFTY,210,120,165.78,35.39,47.78,38.29,44.32,-5.08,6.45,5,9,-9.85,26.68,2.35,-1.68,0.83,124,75,37,9
NIFTY,210,130,164.85,35.93,46.29,39.49,43.14,-5.08,6.47,5,8,-9.39,26.32,2.35,-1.68,0.83,124,75,37,9
NIFTY,210,140,169.27,37.29,43.69,41.65,46.63,-5.08,7.36,4,8,-8.3,25.08,2.41,-1.67,0.85,123,76,37,9
NIFTY,210,150,161.21,33.46,42.19,41.28,44.29,-5.08,7.48,4,9,-8.55,24.56,2.38,-1.68,0.81,122,77,36,10
NIFTY,210,160,155.87,32.71,39.73,39.38,44.05,-5.08,7.53,6,8,-12.36,23.85,2.4,-1.67,0.78,120,79,35,11
NIFTY,210,170,147.77,32.25,38.05,37.07,40.39,-5.08,7.87,6,8,-13.41,25.28,2.47,-1.67,0.74,116,83,36,10
NIFTY,210,180,150.05,33.1,43.25,34.07,39.64,-5.08,7.97,6,8,-13.69,29.77,2.51,-1.71,0.75,116,83,36,10
NIFTY,210,190,157.16,32.6,48.59,35.58,40.39,-5.08,7.97,6,8,-12.12,31.76,2.47,-1.76,0.79,120,79,35,11
NIFTY,210,200,157.95,32.52,52.89,33.49,39.06,-5.08,7.97,6,8,-12.44,34.08,2.62,-1.75,0.79,116,83,35,11
NIFTY,210,210,153.93,30.74,50.32,34.78,38.1,-5.08,7.97,6,8,-13.33,33.86,2.6,-1.84,0.77,117,82,34,12
NIFTY,210,220,145.26,28.57,48.73,32.13,35.82,-5.55,7.97,6,8,-13.73,33.63,2.58,-1.91,0.73,117,82,34,12
NIFTY,210,230,146.6,29.65,49.35,34.17,33.43,-5.64,7.97,6,8,-14.43,34.26,2.66,-1.89,0.74,115,84,34,12
NIFTY,210,240,146.33,28.05,50.24,36.48,31.55,-5.64,7.97,6,8,-14.14,34.45,2.72,-1.93,0.74,114,85,35,11
NIFTY,210,250,160.32,25.67,49.07,41.72,43.86,-5.59,7.97,6,8,-14.75,34.81,2.74,-1.89,0.81,116,83,34,12
NIFTY,210,50,166.96,27.43,54.13,40.61,44.79,-5.08,6.47,5,9,-9.2,22.22,2.48,-1.77,0.84,122,77,37,9
NIFTY,210,60,175.67,30.15,53.21,41.72,50.59,-5.09,6.46,5,10,-8.4,31.48,2.42,-1.71,0.88,125,74,36,10
NIFTY,210,70,179.52,30.78,55.72,40.81,52.21,-5.08,6.36,5,10,-8.63,30.04,2.36,-1.72,0.9,128,71,37,9
NIFTY,210,80,180.47,32.93,54.36,41.87,51.3,-5.09,6.32,5,10,-8.78,30.31,2.3,-1.72,0.91,130,69,37,9
NIFTY,210,90,175.42,34.3,51.38,39.31,50.42,-5.08,6.27,5,9,-8.97,28.78,2.35,-1.65,0.88,126,73,37,9
NIFTY,220,100,169.68,38.81,49.69,35.26,45.91,-5.22,6.26,5,8,-9.72,29.08,2.49,-1.64,0.85,120,79,37,9
NIFTY,220,110,168.2,39.5,46.29,40.29,42.12,-5.21,6.24,5,8,-10.22,27.98,2.45,-1.64,0.85,121,78,38,8
NIFTY,220,120,163.98,36.86,45.87,37.23,44.03,-5.21,6.45,5,8,-10.31,26.87,2.4,-1.72,0.82,123,76,37,9
NIFTY,220,130,163.06,37.39,44.38,38.43,42.85,-5.21,6.47,5,8,-9.86,26.52,2.41,-1.7,0.82,122,77,36,10
NIFTY,220,140,167.47,38.75,41.78,40.6,46.34,-5.21,7.36,4,8,-8.82,25.27,2.45,-1.71,0.84,122,77,36,10
NIFTY,220,150,159.42,34.93,40.27,40.22,44.0,-5.21,7.48,4,8,-9.01,24.76,2.43,-1.73,0.8,121,78,36,10
NIFTY,220,160,154.07,34.17,37.82,38.33,43.76,-5.21,7.53,6,8,-12.93,24.04,2.47,-1.69,0.77,118,81,35,11
NIFTY,220,170,145.97,33.72,36.14,36.01,40.1,-5.21,7.87,6,8,-13.98,25.47,2.49,-1.72,0.73,116,83,34,12
NIFTY,220,180,148.26,34.56,41.34,33.01,39.35,-5.21,7.97,6,8,-14.26,29.97,2.53,-1.76,0.75,116,83,34,12
NIFTY,220,190,155.37,34.07,46.68,34.52,40.1,-5.21,7.97,6,8,-12.69,31.96,2.53,-1.76,0.78,118,81,34,12
NIFTY,220,200,156.15,33.98,50.98,32.43,38.77,-5.21,7.97,6,8,-13.0,34.28,2.68,-1.76,0.78,114,85,32,14
NIFTY,220,210,152.14,32.2,48.41,33.72,37.81,-5.36,7.97,6,8,-13.9,34.06,2.67,-1.84,0.76,115,84,33,13
NIFTY,220,220,143.46,30.03,46.82,31.08,35.53,-5.55,7.97,6,8,-14.3,33.83,2.64,-1.91,0.72,115,84,32,14
NIFTY,220,230,144.81,31.11,47.43,33.11,33.15,-5.64,7.97,6,8,-15.0,34.45,2.7,-1.91,0.73,114,85,33,13
NIFTY,220,240,144.53,29.51,48.33,35.43,31.26,-5.8,7.97,6,8,-14.71,34.64,2.76,-1.95,0.73,113,86,34,12
NIFTY,220,250,158.52,27.13,47.16,40.66,43.58,-5.8,7.97,6,8,-15.32,35.01,2.78,-1.91,0.8,115,84,34,12
NIFTY,220,50,165.17,28.89,52.22,39.55,44.51,-5.22,6.47,5,9,-9.7,22.2,2.49,-1.86,0.83,123,76,36,10
NIFTY,220,60,173.88,31.61,51.3,40.67,50.3,-5.23,6.46,5,10,-8.9,31.68,2.43,-1.81,0.87,126,73,37,9
NIFTY,220,70,177.73,32.25,53.81,39.75,51.92,-5.22,6.36,5,10,-9.09,30.23,2.37,-1.82,0.89,129,70,36,10
NIFTY,220,80,178.67,34.4,52.44,40.82,51.02,-5.22,6.32,5,10,-9.24,30.51,2.33,-1.79,0.9,130,69,37,9
NIFTY,220,90,173.63,35.77,49.47,38.26,50.13,-5.22,6.27,5,8,-9.43,28.98,2.39,-1.69,0.87,125,74,37,9
NIFTY,230,100,170.88,41.14,47.72,37.11,44.91,-5.25,6.26,5,9,-8.83,28.96,2.48,-1.71,0.86,122,77,37,9
NIFTY,230,110,169.4,41.82,44.32,42.14,41.12,-5.25,6.24,5,8,-9.33,27.87,2.45,-1.69,0.85,122,77,38,8
NIFTY,230,120,165.18,39.18,43.9,39.08,43.03,-5.25,6.45,5,8,-9.41,26.76,2.4,-1.77,0.83,124,75,36,10
NIFTY,230,130,164.26,39.71,42.41,40.28,41.85,-5.25,6.47,5,8,-9.09,26.4,2.42,-1.75,0.83,123,76,36,10
NIFTY,230,140,168.67,41.07,39.81,42.45,45.34,-5.25,7.36,4,8,-9.25,25.16,2.46,-1.76,0.85,123,76,36,10
NIFTY,230,150,160.61,37.25,38.3,42.07,42.99,-5.25,7.48,4,8,-9.28,24.64,2.43,-1.76,0.81,122,77,36,10
NIFTY,230,160,155.27,36.49,35.85,40.18,42.75,-5.25,7.53,6,8,-13.36,23.93,2.47,-1.73,0.78,119,80,36,10
NIFTY,230,170,147.17,36.04,34.17,37.87,39.1,-5.25,7.87,6,8,-14.41,25.36,2.49,-1.76,0.74,117,82,35,11
NIFTY,230,180,149.46,36.88,39.37,34.86,38.35,-5.25,7.97,6,8,-14.69,29.85,2.51,-1.81,0.75,118,81,35,11
NIFTY,230,190,156.57,36.39,44.71,36.37,39.1,-5.25,7.97,6,8,-13.12,31.84,2.48,-1.85,0.79,121,78,35,11
NIFTY,230,200,157.35,36.3,49.01,34.28,37.76,-5.26,7.97,6,8,-13.43,34.16,2.63,-1.84,0.79,117,82,33,13
NIFTY,230,210,153.34,34.52,46.44,35.58,36.8,-5.77,7.97,6,8,-14.33,33.94,2.64,-1.9,0.77,117,82,33,13
NIFTY,230,220,144.66,32.35,44.85,32.93,34.53,-5.77,7.97,6,8,-14.73,33.71,2.64,-1.95,0.73,116,83,33,13
NIFTY,230,230,146.0,33.44,45.46,34.96,32.14,-5.77,7.97,6,8,-15.43,34.34,2.72,-1.92,0.73,114,85,34,12
NIFTY,230,240,145.73,31.84,46.36,37.28,30.26,-6.21,7.97,6,8,-15.14,34.53,2.76,-1.99,0.73,114,85,35,11
NIFTY,230,250,159.72,29.45,45.19,42.51,42.57,-6.21,7.97,6,8,-15.75,34.89,2.74,-1.97,0.8,117,82,34,12
NIFTY,230,50,166.37,31.21,50.25,41.4,43.5,-5.26,6.47,5,9,-9.16,22.04,2.5,-1.91,0.84,124,75,36,10
NIFTY,230,60,175.08,33.93,49.33,42.52,49.3,-5.26,6.46,4,10,-7.95,31.56,2.42,-1.89,0.88,128,71,37,9
NIFTY,230,70,178.93,34.57,51.84,41.61,50.92,-5.26,6.36,5,10,-8.2,30.12,2.35,-1.9,0.9,131,68,36,10
NIFTY,230,80,179.87,36.72,50.47,42.67,50.01,-5.26,6.32,5,10,-8.35,30.39,2.38,-1.76,0.9,128,71,37,9
NIFTY,230,90,174.83,38.09,47.5,40.11,49.12,-5.25,6.27,5,9,-8.54,28.86,2.38,-1.77,0.88,127,72,37,9
NIFTY,240,100,167.19,39.98,46.24,35.71,45.26,-5.36,6.26,5,9,-8.96,28.95,2.45,-1.77,0.84,123,76,37,9
NIFTY,240,110,165.71,40.67,42.84,40.74,41.47,-5.35,6.24,5,8,-9.46,27.86,2.43,-1.75,0.83,123,76,37,9
NIFTY,240,120,161.5,38.02,42.41,37.68,43.38,-5.35,6.45,5,8,-9.54,26.75,2.38,-1.83,0.81,125,74,37,9
NIFTY,240,130,160.57,38.56,40.93,38.88,42.2,-5.35,6.47,5,8,-9.39,26.39,2.39,-1.81,0.81,124,75,36,10
NIFTY,240,140,164.99,39.92,38.33,41.05,45.69,-5.35,7.36,4,8,-9.55,25.15,2.45,-1.79,0.83,123,76,36,10
NIFTY,240,150,156.93,36.09,36.82,40.67,43.34,-5.35,7.48,4,8,-9.57,24.63,2.42,-1.8,0.79,122,77,36,10
NIFTY,240,160,151.59,35.34,34.37,38.78,43.11,-5.35,7.53,6,8,-13.66,23.92,2.46,-1.76,0.76,119,80,36,10
NIFTY,240,170,143.48,34.88,32.69,36.46,39.45,-5.35,7.87,6,8,-14.71,25.35,2.48,-1.79,0.72,117,82,35,11
NIFTY,240,180,145.77,35.73,37.89,33.46,38.7,-5.35,7.97,6,8,-14.99,29.84,2.53,-1.83,0.73,117,82,34,12
NIFTY,240,190,152.88,35.23,43.23,34.97,39.45,-5.35,7.97,6,8,-13.42,31.83,2.54,-1.82,0.77,118,81,34,12
NIFTY,240,200,153.67,35.15,47.52,32.88,38.12,-5.35,7.97,6,8,-13.73,34.15,2.65,-1.85,0.77,116,83,33,13
NIFTY,240,210,149.65,33.37,44.96,34.17,37.16,-5.77,7.97,6,8,-14.63,33.93,2.66,-1.91,0.75,116,83,33,13
NIFTY,240,220,140.98,31.2,43.37,31.53,34.88,-5.77,7.97,6,8,-15.03,33.7,2.64,-1.99,0.71,116,83,33,13
NIFTY,240,230,142.32,32.28,43.98,33.56,32.49,-5.77,7.97,6,8,-15.73,34.33,2.74,-1.94,0.72,113,86,34,12
NIFTY,240,240,142.05,30.68,44.88,35.88,30.61,-6.21,7.97,6,8,-15.44,34.52,2.75,-2.02,0.71,114,85,34,12
NIFTY,240,250,156.04,28.3,43.71,41.11,42.92,-6.21,7.97,6,8,-16.05,34.88,2.74,-2.0,0.78,117,82,34,12
NIFTY,240,50,162.68,30.06,48.77,40.0,43.85,-5.36,6.47,5,9,-8.88,22.11,2.5,-1.97,0.82,124,75,34,12
NIFTY,240,60,171.39,32.78,47.85,41.12,49.65,-5.37,6.46,4,10,-8.08,22.32,2.44,-1.92,0.86,127,72,37,9
NIFTY,240,70,175.24,33.41,50.36,40.2,51.27,-5.36,6.36,5,10,-8.32,22.25,2.39,-1.9,0.88,129,70,36,10
NIFTY,240,80,176.19,35.56,48.99,41.27,50.36,-5.36,6.32,5,10,-8.48,30.39,2.38,-1.81,0.89,128,71,37,9
NIFTY,240,90,171.14,36.93,46.02,38.71,49.48,-5.36,6.27,5,9,-8.66,28.85,2.38,-1.82,0.86,127,72,37,9
NIFTY,250,100,168.95,37.81,48.0,37.76,45.38,-5.46,6.26,5,9,-9.09,29.71,2.44,-1.84,0.85,125,74,37,9
NIFTY,250,110,167.47,38.49,44.6,42.79,41.59,-5.46,6.24,5,8,-9.59,28.61,2.41,-1.81,0.84,125,74,38,8
NIFTY,250,120,163.26,35.85,44.18,39.73,43.5,-5.46,6.58,5,8,-9.68,27.5,2.38,-1.87,0.82,126,73,38,8
NIFTY,250,130,162.33,36.39,42.69,40.93,42.32,-5.46,6.61,5,8,-9.59,27.15,2.37,-1.87,0.82,126,73,37,9
NIFTY,250,140,166.75,37.75,40.09,43.1,45.81,-5.46,7.5,4,8,-9.75,25.9,2.46,-1.84,0.84,124,75,36,10
NIFTY,250,150,158.69,33.92,38.58,42.72,43.46,-5.46,7.61,4,8,-9.78,25.38,2.41,-1.87,0.8,124,75,36,10
NIFTY,250,160,153.35,33.16,36.13,40.83,43.22,-5.46,7.67,6,8,-13.86,24.67,2.43,-1.85,0.77,122,77,36,10
NIFTY,250,170,145.24,32.71,34.45,38.52,39.57,-5.46,8.01,6,8,-14.91,26.1,2.47,-1.86,0.73,119,80,35,11
NIFTY,250,180,147.53,33.56,39.65,35.51,38.82,-5.46,8.11,6,8,-15.19,30.6,2.51,-1.89,0.74,119,80,34,12
NIFTY,250,190,154.64,33.06,44.99,37.02,39.57,-5.49,8.11,6,8,-13.63,32.59,2.56,-1.87,0.78,119,80,34,12
NIFTY,250,200,155.43,32.98,49.29,34.93,38.23,-5.52,8.11,6,8,-13.94,34.91,2.64,-1.93,0.78,118,81,34,12
NIFTY,250,210,151.41,31.19,46.72,36.23,37.27,-6.03,8.11,6,8,-14.83,34.69,2.65,-1.99,0.76,118,81,34,12
NIFTY,250,220,142.74,29.03,45.13,33.58,35.0,-6.03,8.11,6,8,-15.24,34.46,2.63,-2.07,0.72,118,81,34,12
NIFTY,250,230,144.08,30.11,45.74,35.61,32.61,-6.03,8.11,6,8,-15.94,35.08,2.7,-2.04,0.72,116,83,35,11
NIFTY,250,240,143.81,28.51,46.64,37.93,30.73,-6.47,8.11,6,8,-15.64,35.27,2.72,-2.12,0.72,117,82,35,11
NIFTY,250,250,157.8,26.13,45.47,43.16,43.04,-6.47,8.11,6,8,-16.25,35.63,2.75,-2.06,0.79,118,81,35,11
NIFTY,250,50,164.44,27.89,50.53,42.05,43.97,-5.47,6.47,5,8,-8.96,21.74,2.49,-2.04,0.83,126,73,34,12
NIFTY,250,60,173.15,30.61,49.61,43.17,49.77,-5.47,6.46,4,8,-8.22,21.11,2.44,-1.96,0.87,128,71,37,9
NIFTY,250,70,177.0,31.24,52.12,42.26,51.39,-5.46,6.36,5,8,-8.46,20.18,2.42,-1.92,0.89,129,70,37,9
NIFTY,250,80,177.95,33.39,50.75,43.32,50.48,-5.47,6.32,5,10,-8.61,31.14,2.37,-1.89,0.89,130,69,38,8
NIFTY,250,90,172.9,34.76,47.78,40.76,49.6,-5.46,6.27,5,9,-8.8,29.61,2.36,-1.89,0.87,129,70,37,9
NIFTY,50,100,86.27,30.58,20.54,11.41,23.73,-3.52,5.0,4,7,-5.27,12.62,1.45,-0.92,0.43,114,85,31,15
NIFTY,50,110,84.79,31.27,17.14,16.44,19.94,-3.52,5.19,4,5,-5.45,12.53,1.51,-0.94,0.43,111,88,33,13
NIFTY,50,120,80.58,28.63,16.72,13.38,21.85,-3.52,5.5,4,5,-6.55,12.67,1.5,-1.04,0.4,113,86,33,13
NIFTY,50,130,79.65,29.16,15.23,14.58,20.67,-3.52,5.5,4,6,-7.39,13.13,1.55,-1.07,0.4,112,87,33,13
NIFTY,50,140,84.07,30.52,12.63,16.75,24.16,-3.52,5.5,8,6,-11.25,13.02,1.62,-1.09,0.42,111,88,36,10
NIFTY,50,150,76.01,26.7,11.12,16.37,21.82,-3.58,5.5,8,6,-11.69,12.86,1.68,-1.13,0.38,107,92,35,11
NIFTY,50,160,70.67,25.94,8.67,14.48,21.58,-3.66,5.5,8,6,-12.12,12.64,1.69,-1.17,0.36,106,93,35,11
NIFTY,50,170,62.57,25.49,6.99,12.17,17.92,-3.82,5.53,8,6,-13.56,12.28,1.73,-1.24,0.31,104,95,35,11
NIFTY,50,180,64.85,26.33,12.19,9.16,17.17,-4.82,5.53,8,6,-13.98,11.93,1.77,-1.32,0.33,106,93,36,10
NIFTY,50,190,71.96,25.84,17.53,10.67,17.92,-5.29,5.53,5,6,-9.58,11.87,1.84,-1.32,0.36,106,93,35,11
NIFTY,50,200,72.75,25.75,21.83,8.58,16.59,-5.38,5.53,8,6,-13.16,12.58,1.88,-1.43,0.37,108,91,35,11
NIFTY,50,210,68.73,23.97,19.26,9.88,15.63,-5.66,5.53,8,6,-14.14,12.57,1.88,-1.52,0.35,109,90,33,13
NIFTY,50,220,60.06,21.8,17.67,7.23,13.35,-6.04,5.53,8,6,-14.75,12.57,1.9,-1.56,0.3,107,92,29,17
NIFTY,50,230,61.4,22.88,18.29,9.27,10.97,-6.11,5.53,8,6,-15.76,14.0,1.92,-1.6,0.31,108,91,30,16
NIFTY,50,240,61.13,21.28,19.18,11.58,9.08,-6.27,5.53,5,6,-10.95,13.95,1.93,-1.7,0.31,110,89,30,16
NIFTY,50,250,75.12,18.9,18.01,16.81,21.4,-6.61,5.53,5,6,-11.55,13.62,1.94,-1.77,0.38,115,84,32,14
NIFTY,50,50,81.76,20.66,23.07,15.7,22.33,-3.52,4.78,3,7,-4.48,10.8,1.12,-0.83,0.41,127,72,33,13
NIFTY,50,60,90.47,23.38,22.15,16.82,28.12,-3.52,4.63,3,7,-4.58,10.65,1.18,-0.8,0.45,126,73,36,10
NIFTY,50,70,94.32,24.02,24.66,15.91,29.74,-3.52,4.77,3,7,-4.7,11.5,1.25,-0.84,0.47,125,74,34,12
NIFTY,50,80,95.27,26.17,23.29,16.97,28.84,-3.52,5.1,3,9,-4.87,11.07,1.32,-0.88,0.48,123,76,34,12
NIFTY,50,90,90.22,27.54,20.32,14.41,27.95,-3.52,5.09,4,9,-4.88,10.26,1.37,-0.91,0.45,119,80,35,11
NIFTY,60,100,94.08,28.92,30.81,11.36,22.99,-3.52,5.63,6,6,-8.2,14.73,1.5,-0.91,0.47,114,85,32,14
NIFTY,60,110,92.6,29.61,27.4,16.39,19.2,-3.52,5.55,4,6,-5.57,14.05,1.54,-0.94,0.47,113,86,34,12
NIFTY,60,120,88.39,26.97,26.98,13.34,21.11,-3.52,5.49,4,5,-6.68,16.44,1.58,-0.99,0.44,111,88,34,12
NIFTY,60,130,87.46,27.5,25.49,14.54,19.93,-3.52,5.46,4,7,-7.52,16.9,1.62,-1.05,0.44,111,88,33,13
NIFTY,60,140,91.88,28.86,22.9,16.7,23.42,-3.52,5.37,4,7,-8.33,16.79,1.66,-1.08,0.46,112,87,36,10
NIFTY,60,150,83.82,25.03,21.39,16.33,21.07,-3.52,5.37,6,7,-10.95,16.63,1.71,-1.14,0.42,109,90,35,11
NIFTY,60,160,78.48,24.28,18.93,14.44,20.83,-3.52,5.37,6,7,-11.37,16.41,1.8,-1.14,0.39,104,95,34,12
NIFTY,60,170,70.38,23.82,17.25,12.12,17.18,-3.94,5.4,6,6,-12.42,16.05,1.78,-1.24,0.35,105,94,33,13
NIFTY,60,180,72.66,24.67,22.45,9.12,16.43,-5.04,5.4,6,6,-12.71,15.59,1.83,-1.31,0.37,106,93,35,11
NIFTY,60,190,79.77,24.18,27.79,10.63,17.18,-5.51,5.4,5,6,-9.71,15.41,1.88,-1.32,0.4,107,92,33,13
NIFTY,60,200,80.56,24.09,32.09,8.54,15.84,-5.61,5.4,4,6,-10.26,16.35,1.88,-1.46,0.4,111,88,34,12
NIFTY,60,210,76.55,22.31,29.52,9.83,14.88,-5.89,5.4,4,6,-11.31,16.34,1.89,-1.55,0.38,112,87,32,14
NIFTY,60,220,67.87,20.14,27.94,7.19,12.61,-6.27,5.4,4,6,-11.24,16.34,1.9,-1.59,0.34,110,89,32,14
NIFTY,60,230,69.21,21.22,28.55,9.22,10.22,-6.34,5.4,4,6,-10.15,17.77,1.91,-1.66,0.35,112,87,33,13
NIFTY,60,240,68.94,19.62,29.44,11.53,8.34,-6.49,5.4,4,6,-10.6,17.72,1.94,-1.74,0.35,113,86,32,14
NIFTY,60,250,82.93,17.24,28.27,16.77,20.65,-6.83,5.4,4,8,-10.77,17.39,1.96,-1.79,0.42,117,82,33,13
NIFTY,60,50,89.57,19.0,33.33,15.66,21.58,-3.52,5.91,3,7,-4.38,9.14,1.22,-0.79,0.45,123,76,32,14
NIFTY,60,60,98.28,21.72,32.41,16.77,27.38,-3.52,5.91,3,7,-4.49,10.27,1.27,-0.79,0.49,124,75,35,11
NIFTY,60,70,102.13,22.35,34.92,15.86,29.0,-3.52,5.8,3,7,-4.61,15.27,1.33,-0.84,0.51,124,75,35,11
NIFTY,60,80,103.08,24.5,33.56,16.92,28.09,-3.52,5.77,3,7,-4.77,14.84,1.37,-0.89,0.52,124,75,36,10
NIFTY,60,90,98.03,25.88,30.59,14.37,27.21,-3.52,5.65,6,7,-4.79,14.03,1.44,-0.88,0.49,118,81,34,12
NIFTY,70,100,93.46,30.64,28.1,11.06,23.66,-3.52,5.53,6,7,-8.47,14.45,1.52,-0.94,0.47,114,85,32,14
NIFTY,70,110,91.98,31.33,24.7,16.09,19.87,-3.52,5.46,4,5,-5.55,13.77,1.55,-0.96,0.46,113,86,35,11
NIFTY,70,120,87.77,28.69,24.27,13.03,21.78,-3.52,5.39,4,5,-6.65,16.16,1.62,-1.01,0.44,110,89,35,11
NIFTY,70,130,86.84,29.22,22.79,14.23,20.6,-3.52,5.37,4,7,-7.5,16.63,1.61,-1.07,0.44,112,87,34,12
NIFTY,70,140,91.26,30.58,20.19,16.4,24.09,-3.52,5.37,4,7,-8.3,16.51,1.66,-1.12,0.46,113,86,34,12
NIFTY,70,150,83.2,26.76,18.68,16.02,21.74,-3.52,5.37,6,7,-11.08,16.36,1.69,-1.18,0.42,111,88,33,13
NIFTY,70,160,77.86,26.0,16.23,14.13,21.51,-3.52,5.37,6,7,-11.51,16.13,1.75,-1.19,0.39,107,92,34,12
NIFTY,70,170,69.75,25.55,14.55,11.81,17.85,-4.16,5.4,6,5,-12.56,15.78,1.76,-1.28,0.35,107,92,33,13
NIFTY,70,180,72.04,26.39,19.74,8.81,17.1,-5.27,5.4,6,5,-12.84,15.31,1.8,-1.35,0.36,108,91,36,10
NIFTY,70,190,79.15,25.9,25.09,10.32,17.85,-5.74,5.4,6,5,-9.69,15.14,1.87,-1.35,0.4,108,91,34,12
NIFTY,70,200,79.94,25.81,29.38,8.23,16.51,-5.83,5.4,4,6,-10.23,16.07,1.92,-1.43,0.4,109,90,33,13
NIFTY,70,210,75.92,24.03,26.82,9.52,15.55,-6.11,5.4,4,6,-11.29,16.06,1.9,-1.54,0.38,111,88,30,16
NIFTY,70,220,67.25,21.86,25.23,6.88,13.28,-6.49,5.4,4,6,-11.22,16.06,1.94,-1.56,0.34,108,91,29,17
NIFTY,70,230,68.59,22.94,25.84,8.91,10.89,-6.56,5.4,4,6,-10.13,17.49,1.93,-1.65,0.34,111,88,30,16
NIFTY,70,240,68.32,21.34,26.74,11.23,9.01,-6.72,5.4,4,6,-10.58,17.44,1.99,-1.69,0.34,110,89,32,14
NIFTY,70,250,82.31,18.96,25.57,16.46,21.32,-7.06,5.4,4,8,-10.75,17.11,2.01,-1.73,0.41,114,85,32,14
NIFTY,70,50,88.95,20.72,30.63,15.35,22.25,-3.52,5.81,4,7,-4.54,8.57,1.33,-0.82,0.45,117,82,33,13
NIFTY,70,60,97.66,23.44,29.71,16.47,28.05,-3.52,5.81,4,7,-4.64,10.18,1.35,-0.81,0.49,120,79,34,12
NIFTY,70,70,101.51,24.07,32.22,15.55,29.67,-3.52,5.71,3,7,-4.76,14.99,1.37,-0.88,0.51,123,76,34,12
NIFTY,70,80,102.46,26.23,30.85,16.62,28.76,-3.52,5.67,3,7,-4.93,14.56,1.38,-0.94,0.51,125,74,34,12
NIFTY,70,90,97.41,27.6,27.88,14.06,27.88,-3.52,5.55,3,7,-4.94,13.75,1.44,-0.93,0.49,119,80,32,14
NIFTY,80,100,101.4,26.62,32.9,14.06,27.82,-3.52,5.69,4,10,-5.63,14.28,1.55,-1.0,0.51,118,81,34,12
NIFTY,80,110,99.92,27.31,29.49,19.09,24.03,-3.52,5.61,4,6,-5.97,13.61,1.57,-1.0,0.5,116,83,37,9
NIFTY,80,120,95.7,24.66,29.07,16.03,25.94,-3.52,5.55,4,5,-6.09,16.0,1.64,-1.04,0.48,113,86,36,10
NIFTY,80,130,94.78,25.2,27.58,17.24,24.76,-3.52,5.52,4,5,-6.75,16.46,1.62,-1.09,0.48,115,84,36,10
NIFTY,80,140,99.19,26.56,24.98,19.4,28.25,-3.52,5.42,6,7,-11.36,16.35,1.65,-1.14,0.5,117,82,36,10
NIFTY,80,150,91.14,22.73,23.48,19.02,25.9,-3.52,5.38,6,7,-11.8,16.19,1.67,-1.2,0.46,115,84,36,10
NIFTY,80,160,85.79,21.98,21.02,17.13,25.66,-3.52,5.29,6,7,-12.23,15.96,1.73,-1.21,0.43,111,88,32,14
NIFTY,80,170,77.69,21.52,19.34,14.82,22.01,-3.98,5.28,6,5,-13.28,15.61,1.79,-1.27,0.39,108,91,31,15
NIFTY,80,180,79.98,22.37,24.54,11.81,21.26,-4.11,5.24,6,5,-13.56,15.14,1.84,-1.33,0.4,109,90,34,12
NIFTY,80,190,87.09,21.87,29.88,13.32,22.01,-4.58,5.19,5,5,-8.94,14.97,1.9,-1.33,0.44,109,90,32,14
NIFTY,80,200,87.87,21.79,34.18,11.23,20.67,-4.67,5.37,5,6,-9.49,15.9,1.94,-1.41,0.44,110,89,32,14
NIFTY,80,210,83.86,20.01,31.61,12.53,19.71,-4.95,5.37,5,6,-10.54,15.9,1.94,-1.49,0.42,111,88,32,14
NIFTY,80,220,75.18,17.84,30.03,9.88,17.44,-5.33,5.37,5,6,-10.47,15.9,1.95,-1.53,0.38,109,90,32,14
NIFTY,80,230,76.53,18.92,30.64,11.92,15.05,-5.4,5.37,4,6,-10.59,17.33,1.98,-1.63,0.38,111,88,31,15
NIFTY,80,240,76.25,17.32,31.53,14.23,13.17,-5.56,5.37,4,6,-11.04,17.28,2.04,-1.67,0.38,110,89,32,14
NIFTY,80,250,90.24,14.94,30.36,19.46,25.48,-5.9,5.37,4,8,-11.21,16.95,2.06,-1.7,0.45,114,85,32,14
NIFTY,80,50,96.89,16.7,35.42,18.35,26.41,-3.52,5.97,4,8,-5.15,9.57,1.41,-0.95,0.49,121,78,35,11
NIFTY,80,60,105.6,19.42,34.5,19.47,32.21,-3.52,5.97,3,8,-5.25,9.83,1.43,-0.9,0.53,122,77,35,11
NIFTY,80,70,109.45,20.05,37.01,18.56,33.83,-3.52,5.86,3,8,-5.37,14.82,1.46,-0.93,0.55,123,76,34,12
NIFTY,80,80,110.39,22.2,35.65,19.62,32.92,-3.52,5.83,3,10,-5.54,14.4,1.46,-0.97,0.55,125,74,36,10
NIFTY,80,90,105.35,23.57,32.68,17.06,32.04,-3.52,5.71,4,10,-5.55,13.59,1.49,-0.99,0.53,122,77,35,11
NIFTY,90,100,124.09,37.96,37.02,18.37,30.74,-3.52,6.19,6,14,-8.38,17.47,1.65,-1.11,0.62,125,74,36,10
NIFTY,90,110,122.62,38.65,33.62,23.4,26.95,-3.52,6.11,4,10,-6.39,14.79,1.65,-1.1,0.62,124,75,39,7
NIFTY,90,120,118.4,36.01,33.2,20.34,28.86,-3.52,6.05,5,10,-6.51,16.19,1.72,-1.11,0.59,120,79,37,9
NIFTY,90,130,117.47,36.54,31.71,21.54,27.68,-3.52,6.02,5,10,-7.12,16.66,1.7,-1.17,0.59,122,77,37,9
NIFTY,90,140,121.89,37.9,29.11,23.71,31.17,-3.52,5.92,6,10,-11.5,16.54,1.72,-1.21,0.61,124,75,38,8
NIFTY,90,150,113.83,34.07,27.6,23.33,28.83,-3.52,5.88,6,10,-11.94,16.39,1.75,-1.25,0.57,121,78,39,7
NIFTY,90,160,108.49,33.32,25.15,21.44,28.59,-3.52,5.79,6,10,-12.37,16.16,1.79,-1.27,0.55,118,81,38,8
NIFTY,90,170,100.39,32.86,23.47,19.12,24.93,-4.08,5.77,6,8,-13.42,15.81,1.85,-1.3,0.5,114,85,38,8
NIFTY,90,180,102.68,33.71,28.67,16.12,24.18,-4.08,5.68,6,8,-13.7,15.34,1.91,-1.39,0.52,115,84,37,9
NIFTY,90,190,109.79,33.22,34.01,17.63,24.93,-4.13,5.68,6,8,-12.13,15.17,1.95,-1.4,0.55,116,83,36,10
NIFTY,90,200,110.57,33.13,38.31,15.54,23.6,-4.65,5.66,6,8,-12.44,16.1,1.98,-1.48,0.56,117,82,36,10
NIFTY,90,210,106.56,31.35,35.74,16.84,22.64,-4.65,5.6,6,8,-13.34,16.1,2.0,-1.55,0.54,117,82,36,10
NIFTY,90,220,97.88,29.18,34.15,14.19,20.36,-5.19,5.6,6,8,-13.74,16.1,1.99,-1.61,0.49,116,83,35,11
NIFTY,90,230,99.22,30.26,34.76,16.22,17.97,-5.28,5.6,6,7,-14.44,17.52,2.03,-1.69,0.5,117,82,35,11
NIFTY,90,240,98.95,28.66,35.66,18.54,16.09,-5.28,5.6,3,6,-11.45,17.47,2.1,-1.74,0.5,116,83,35,11
NIFTY,90,250,112.94,26.28,34.49,23.77,28.4,-5.26,5.6,3,9,-11.62,18.1,2.09,-1.79,0.57,121,78,33,13
NIFTY,90,50,119.59,28.04,39.55,22.66,29.33,-3.52,6.47,5,8,-5.57,13.74,1.61,-1.04,0.6,123,76,36,10
NIFTY,90,60,128.3,30.76,38.63,23.78,35.13,-3.52,6.46,4,8,-5.68,13.34,1.62,-1.0,0.64,125,74,37,9
NIFTY,90,70,132.15,31.39,41.14,22.86,36.75,-3.52,6.36,5,8,-6.34,15.02,1.59,-1.05,0.66,129,70,37,9
NIFTY,90,80,133.09,33.54,39.77,23.93,35.84,-3.52,6.32,5,14,-6.71,19.73,1.57,-1.08,0.67,131,68,37,9
NIFTY,90,90,128.04,34.92,36.8,21.37,34.96,-3.52,6.21,5,14,-7.1,18.57,1.6,-1.09,0.64,128,71,36,10
